"","Sum Sq","Mean Sq","NumDF","DenDF","F value","Pr(>F)"
"LearningRate",0.0299609194169399,0.0299609194169399,1,1746.9989687928,47.444636860356,7.86753394738207e-12
"BoostRounds",0.0169084377300271,0.0169084377300271,1,1746.99896945888,26.7753695009609,2.5486317115115e-07
"LearningRate:BoostRounds",9.72447041650684e-05,9.72447041650684e-05,1,1746.99896869437,0.153991925664865,0.694797221903214
