"","Sum Sq","Mean Sq","NumDF","DenDF","F value","Pr(>F)"
"LearningRate",0.00654755955496089,0.00654755955496089,1,1746.99999578056,7.73819111364633,0.00546458320762578
"BoostRounds",0.134179349117937,0.134179349117937,1,1746.99999477377,158.579000047823,7.19834883872456e-35
"LearningRate:BoostRounds",0.0616747880207448,0.0616747880207448,1,1746.99999544381,72.8899512241243,2.93152729687261e-17
