"","Sum Sq","Mean Sq","NumDF","DenDF","F value","Pr(>F)"
"LearningRate",0.109671619726056,0.109671619726056,1,1746.99994498996,53.8296994445456,3.33225910954356e-13
"BoostRounds",1.65989436363274e-06,1.65989436363274e-06,1,1746.99994476824,0.000814719568537727,0.977232099500394
"LearningRate:BoostRounds",0.00616247331724934,0.00616247331724934,1,1746.99994483966,3.02470308481961,0.082181470253299
