"","Sum Sq","Mean Sq","NumDF","DenDF","F value","Pr(>F)"
"LearningRate",0.00158640061120072,0.00158640061120072,1,1747.00027893128,10.0259794552216,0.00157011850886198
"BoostRounds",0.00643142299007888,0.00643142299007888,1,1747.00027936763,40.6462997499515,2.32892823054741e-10
"LearningRate:BoostRounds",0.00173746677969817,0.00173746677969817,1,1747.00027908366,10.9807107450615,0.000939470400781825
