"","Sum Sq","Mean Sq","NumDF","DenDF","F value","Pr(>F)"
"LearningRate",0.00172314461827694,0.00172314461827694,1,1747.0000358858,12.6636445272021,0.000382794903240994
"BoostRounds",0.00264693409106606,0.00264693409106606,1,1747.00003485518,19.4527099238552,1.09409273501766e-05
"LearningRate:BoostRounds",0.000592058279791147,0.000592058279791147,1,1747.00003533449,4.35112382044817,0.0371293009294365
