"","Sum Sq","Mean Sq","NumDF","DenDF","F value","Pr(>F)"
"LearningRate",4.33767246540943,4.33767246540943,1,1746.99878442557,53.1126477252952,4.74838740138257e-13
"BoostRounds",1.07123513469573,1.07123513469573,1,1746.9987844805,13.1167428600866,0.000301024354250736
"LearningRate:BoostRounds",0.964804801349336,0.964804801349336,1,1746.99878481032,11.8135562208485,0.000601792296018982
