"","Sum Sq","Mean Sq","NumDF","DenDF","F value","Pr(>F)"
"LearningRate",0.00386280456049095,0.00386280456049095,1,1746.99999392592,4.6882386198109,0.0305047426197239
"BoostRounds",0.000315128864377711,0.000315128864377711,1,1746.99999341641,0.382468045964242,0.536365951093653
"LearningRate:BoostRounds",0.00186375161252507,0.00186375161252507,1,1746.9999941147,2.26201252244155,0.132762415774052
