"","Sum Sq","Mean Sq","NumDF","DenDF","F value","Pr(>F)"
"LearningRate",0.17397766675528,0.17397766675528,1,1747.0001369499,46.6053609725354,1.19380252615204e-11
"BoostRounds",0.152898255062618,0.152898255062618,1,1747.00013715064,40.958581076314,1.99223971368653e-10
"LearningRate:BoostRounds",0.497102633594713,0.497102633594713,1,1747.00013649358,133.164492380896,9.66533322340597e-30
