"","Sum Sq","Mean Sq","NumDF","DenDF","F value","Pr(>F)"
"LearningRate",4.39480583913505e-06,4.39480583913505e-06,1,1747.0002739029,0.0506348863857032,0.821988500957847
"BoostRounds",0.00153478952804784,0.00153478952804784,1,1747.00027321137,17.6831232648868,2.74141143847209e-05
"LearningRate:BoostRounds",0.000492136398130479,0.000492136398130479,1,1747.00027306519,5.67016417055422,0.0173624298050725
