"","Sum Sq","Mean Sq","NumDF","DenDF","F value","Pr(>F)"
"LearningRate",1.94577785241865,1.94577785241865,1,1746.99998094992,378.380777891244,1.9107289942753e-76
"BoostRounds",0.411496294407946,0.411496294407946,1,1746.99998163545,80.0205880562885,9.2192833612276e-19
"LearningRate:BoostRounds",0.106136015211347,0.106136015211347,1,1746.99998162509,20.639472254259,5.92388167818865e-06
