"","Sum Sq","Mean Sq","NumDF","DenDF","F value","Pr(>F)"
"LearningRate",0.00651479674359718,0.00651479674359718,1,1747.00002856527,5.82654825371874,0.0158883421395108
"BoostRounds",0.169337585203275,0.169337585203275,1,1747.00002830916,151.448103476872,1.94331147333679e-33
"LearningRate:BoostRounds",0.0295968828141314,0.0295968828141314,1,1747.00002827888,26.4701528939762,2.9777089268273e-07
