"","Sum Sq","Mean Sq","NumDF","DenDF","F value","Pr(>F)"
"LearningRate",0.000961820895004795,0.000961820895004795,1,1747.00001723544,0.517833542459444,0.471863549528918
"BoostRounds",0.0309140627878407,0.0309140627878407,1,1747.00001724289,16.643783399155,4.7128219437093e-05
"LearningRate:BoostRounds",0.0103825201456038,0.0103825201456038,1,1747.00001719848,5.58983196827695,0.0181738655489834
