"","Sum Sq","Mean Sq","NumDF","DenDF","F value","Pr(>F)"
"LearningRate",0.133336885952544,0.133336885952544,1,1747.00003561644,103.113529927944,1.40809293903094e-23
"BoostRounds",0.0152532444341006,0.0152532444341006,1,1747.00003550673,11.7958047783841,0.000607518421250474
"LearningRate:BoostRounds",0.000510962688090721,0.000510962688090721,1,1747.00003518565,0.395143219778338,0.529690394818618
