"","Sum Sq","Mean Sq","NumDF","DenDF","F value","Pr(>F)"
"LearningRate",0.184095816685907,0.184095816685907,1,1746.9999978839,95.8311372267835,4.56602458998696e-22
"BoostRounds",0.810594705618948,0.810594705618948,1,1746.99999800398,421.955337540379,3.65718387900581e-84
"LearningRate:BoostRounds",0.44766705844711,0.44766705844711,1,1746.99999806914,233.033232814571,1.74967912699314e-49
