"","Sum Sq","Mean Sq","NumDF","DenDF","F value","Pr(>F)"
"LearningRate",0.00298001131268199,0.00298001131268199,1,1747.00058636622,20.0224083753829,8.14788855661878e-06
"BoostRounds",0.00195345135892427,0.00195345135892427,1,1747.00058704572,13.1250511309728,0.000299702344237314
"LearningRate:BoostRounds",0.00379229248886049,0.00379229248886049,1,1747.00058706173,25.4800471957016,4.93568750579973e-07
