"","Sum Sq","Mean Sq","NumDF","DenDF","F value","Pr(>F)"
"LearningRate",1.03132540772066,1.03132540772066,1,1746.99998607995,263.793103815952,2.35284938698152e-55
"BoostRounds",1.94769016535548,1.94769016535548,1,1746.99998651717,498.181495524725,2.70087396029365e-97
"LearningRate:BoostRounds",1.29549159271639,1.29549159271639,1,1746.99998625403,331.361707616041,6.18849415312552e-68
