"","Sum Sq","Mean Sq","NumDF","DenDF","F value","Pr(>F)"
"LearningRate",2.07242476906545,2.07242476906545,1,6996.95669397599,76.2047358478913,3.15920789542747e-18
"BoostRounds",0.00303238028480016,0.00303238028480016,1,6996.95669366198,0.111503076996013,0.738449357419942
"LearningRate:BoostRounds",2.48264409309662,2.48264409309662,1,6996.95669241333,91.2888323584694,1.6787329847811e-21
