"","Sum Sq","Mean Sq","NumDF","DenDF","F value","Pr(>F)"
"LearningRate",0.000208041987423886,0.000208041987423886,1,6997.00023968408,1.47124929673592,0.225189634303688
"BoostRounds",0.0115582681306616,0.0115582681306616,1,6997.00023890636,81.7387589365466,1.9797095667307e-19
"LearningRate:BoostRounds",0.00255613276813718,0.00255613276813718,1,6997.00024014284,18.0766805011482,2.14943638861319e-05
