"","Sum Sq","Mean Sq","NumDF","DenDF","F value","Pr(>F)"
"LearningRate",0.0674648512993884,0.0674648512993884,1,6996.99978997139,70.7740807736033,4.80894201021097e-17
"BoostRounds",0.0381392165583378,0.0381392165583378,1,6996.99979513462,40.0099895182934,2.68237828329097e-10
"LearningRate:BoostRounds",0.0262409283012953,0.0262409283012953,1,6996.99979729007,27.5280763745943,1.59376839676222e-07
