"","Sum Sq","Mean Sq","NumDF","DenDF","F value","Pr(>F)"
"LearningRate",0.000580708148627046,0.000580708148627046,1,6996.99960408325,0.315213082881334,0.574516689764614
"BoostRounds",0.554242383000303,0.554242383000303,1,6996.9995968626,300.847251105521,5.1021480320765e-66
"LearningRate:BoostRounds",0.260872091077728,0.260872091077728,1,6996.99960108632,141.603482335707,2.4317952474478e-32
