"","Sum Sq","Mean Sq","NumDF","DenDF","F value","Pr(>F)"
"LearningRate",2.35966198178735,2.35966198178735,1,713.000000314174,574.773631161637,1.31307559677488e-93
"BoostRounds",0.599612277007475,0.599612277007475,1,713.000000296502,146.055379289381,1.01146703717601e-30
"LearningRate:BoostRounds",0.104858396858341,0.104858396858341,1,713.000000312953,25.5417267325741,5.50763566216545e-07
