"","Sum Sq","Mean Sq","NumDF","DenDF","F value","Pr(>F)"
"LearningRate",1.75879241636191,1.75879241636191,1,708.999999995887,2729.92592212089,2.62205438646469e-245
"BoostRounds",0.0317215451937848,0.0317215451937848,1,708.999999399755,49.2368898732068,5.30982472992974e-12
"LearningRate:BoostRounds",0.009830406278506,0.009830406278506,1,708.999999893993,15.2583560601113,0.000102729729947008
