"","Sum Sq","Mean Sq","NumDF","DenDF","F value","Pr(>F)","Partial_Eta_Sq"
"Phenotype",7.78351408431528,2.59450469477176,3,15.9971241877239,129.38326923145,1.98504792993384e-11,0.960417553800973
"LearningRate",25.9368275711628,5.18736551423256,5,6860.0029352824,258.684561366319,4.75096425706142e-254,0.158635504601559
"BoostRounds",8.42857126449621,1.68571425289924,5,6860.0029352824,84.0635291466841,5.50640405357859e-86,0.057733398008522
"LearningRate:BoostRounds",10.4068904726824,0.416275618907296,25,6860.00293531248,20.758914248297,4.53203933237001e-90,0.0703312859223418
"Phenotype:LearningRate",22.5927062433771,1.50618041622514,15,6860.0029352824,75.1105005499855,4.63679887582755e-213,0.141067410617435
"Phenotype:BoostRounds",15.3627756110916,1.02418504073944,15,6860.00293528797,51.0742605846283,3.3277082917264e-145,0.100459240847642
"Phenotype:LearningRate:BoostRounds",2.85237320758819,0.0380316427678426,75,6860.00293532919,1.89656942439218,5.42952335288173e-06,0.0203138698781158
