"","Sum Sq","Mean Sq","NumDF","DenDF","F value","Pr(>F)","Partial_Eta_Sq"
"Phenotype",0.0107054180777002,0.00356847269256674,3,15.999998886028,2.85873440677936,0.0697437943204183,0.348963732606859
"LearningRate",11.1926308313977,2.23852616627955,5,560.000000360005,1793.302716131,0,0.94121669007264
"BoostRounds",1.60473322347677,0.320946644695355,5,560.000000359827,257.113139142745,1.95814000292217e-142,0.696569999349669
"LearningRate:BoostRounds",0.182842360365242,0.00731369441460967,25,560.000000362481,5.85906399319424,1.19013673270304e-16,0.207333972264585
"Phenotype:LearningRate",0.146247005874902,0.00974980039166017,15,560.000000360967,7.81064960842445,4.66085943807833e-16,0.173016404297728
"Phenotype:BoostRounds",0.190804997590583,0.0127203331727055,15,560.000000359336,10.1903691689326,1.03590475578015e-21,0.214427088531454
"Phenotype:LearningRate:BoostRounds",0.113460535845072,0.00151280714460095,75,560.000000358027,1.21192291707904,0.119892287087283,0.139645146796923
