"","Sum Sq","Mean Sq","NumDF","DenDF","F value","Pr(>F)","Partial_Eta_Sq"
"Phenotype",0.0359848861868892,0.0119949620622964,3,15.9992135744258,14.7078909045253,7.33776775549907e-05,0.733891458607192
"LearningRate",0.524931700535583,0.104986340107117,5,6860.0014292913,128.731348106093,9.70741416560828e-131,0.0857790594884942
"BoostRounds",0.0226602465253213,0.00453204930506427,5,6860.0014292913,5.55707357860986,4.10017846309099e-05,0.00403400521984909
"LearningRate:BoostRounds",0.168334028498093,0.00673336113992373,25,6860.00142932304,8.25626129973842,5.93539858579367e-30,0.0292095409165141
"Phenotype:LearningRate",0.453400231602455,0.0302266821068303,15,6860.00142929965,37.0631220444157,2.1256108533427e-104,0.0749663847666586
"Phenotype:BoostRounds",0.343252994715466,0.0228835329810311,15,6860.00142931079,28.0591555727419,9.46952422707274e-78,0.0578071369165345
"Phenotype:LearningRate:BoostRounds",0.11940018581081,0.00159200247747747,75,6860.00142930968,1.95206943022126,1.93064094819745e-06,0.0208959049710733
