"","Sum Sq","Mean Sq","NumDF","DenDF","F value","Pr(>F)","Partial_Eta_Sq"
"Phenotype",0.00257013035869074,0.00085671011956358,3,15.9999999938095,6.09287456416655,0.00574923538709587,0.533236802614105
"LearningRate",5.13521544578421,1.02704308915684,5,560.000000012816,7304.27313898719,0,0.98489807509735
"BoostRounds",0.423766605777443,0.0847533211554885,5,560.000000012524,602.760890649887,1.13615311427769e-222,0.843304241366259
"LearningRate:BoostRounds",0.0532820792073904,0.00213128316829561,25,560.000000015188,15.1575669629766,5.82542029005858e-48,0.403582238904703
"Phenotype:LearningRate",0.0217093248145914,0.00144728832097276,15,560.00000001415,10.2930337771221,5.95284547367134e-22,0.216120489581885
"Phenotype:BoostRounds",0.038692757797022,0.00257951718646813,15,560.000000015213,18.3453822878484,8.9686680040375e-40,0.329486448867278
"Phenotype:LearningRate:BoostRounds",0.0062313692209095,8.308492294546e-05,75,560.000000012484,0.590895335680182,0.99730154446799,0.0733342586127009
