"","Sum Sq","Mean Sq","NumDF","DenDF","F value","Pr(>F)","Partial_Eta_Sq"
"Phenotype",0.00243042918529992,0.000810143061766639,3,16.0001509825429,6.52544008073629,0.00432598070375728,0.550260314423454
"LearningRate",0.00883513784233224,0.00176702756846645,5,6860.00020282039,14.2328349932328,6.94057369418611e-14,0.0102672756101753
"BoostRounds",0.0240499454419164,0.00480998908838327,5,6860.00020282039,38.7429048849665,2.30545557329579e-39,0.0274627670547269
"LearningRate:BoostRounds",0.00531384322302293,0.000212553728920917,25,6860.00020271512,1.71205147271882,0.0149450975458412,0.006200567535206
"Phenotype:LearningRate",0.0719641416448267,0.00479760944298845,15,6860.00020253077,38.6431908491905,4.81623259221084e-109,0.0779133445093854
"Phenotype:BoostRounds",0.0224250426172857,0.00149500284115238,15,6860.00020252241,12.0417638820444,4.86353220011785e-30,0.0256548837104999
"Phenotype:LearningRate:BoostRounds",0.0242017060236894,0.000322689413649193,75,6860.00020276191,2.59915875705207,2.19997450922309e-12,0.0276312749145956
