"","Sum Sq","Mean Sq","NumDF","DenDF","F value","Pr(>F)","Partial_Eta_Sq"
"Phenotype",0.179183420392524,0.0597278067975079,3,16.001050691577,40.4282275819177,1.07521680025803e-07,0.883447097590214
"LearningRate",0.718627641957287,0.143725528391457,5,6859.99830274879,97.2841408833324,2.31932484967997e-99,0.0662119467923383
"BoostRounds",0.576160470505338,0.115232094101068,5,6859.99830275297,77.997662644015,8.1979532691124e-80,0.0537915907818174
"LearningRate:BoostRounds",0.819243598924859,0.0327697439569944,25,6859.99830276467,22.1810030792863,6.33975983904891e-97,0.0747890388338209
"Phenotype:LearningRate",0.614768270039296,0.0409845513359531,15,6859.99830280031,27.7413964716655,8.34987870639775e-77,0.0571899570065614
"Phenotype:BoostRounds",0.598263624139271,0.0398842416092847,15,6859.99830279753,26.9966249083774,1.37554845011309e-74,0.0557401638197391
"Phenotype:LearningRate:BoostRounds",0.560393547336402,0.00747191396448536,75,6859.99830272791,5.05754780604681,8.85693135704912e-41,0.0523966863592449
