"","Sum Sq","Mean Sq","NumDF","DenDF","F value","Pr(>F)","Partial_Eta_Sq"
"LearningRate",0.0219083385586346,0.00438166771172692,5,1714.99997033765,2.34461050275305,0.0392395552753686,0.00678919106227381
"BoostRounds",0.0353490591543062,0.00706981183086123,5,1714.99997033765,3.78302421855536,0.0020691814721148,0.0109089085078396
"LearningRate:BoostRounds",0.0296554323712033,0.00118621729484813,25,1714.99997031049,0.634739489853305,0.91773866131909,0.00916793369077364
