"","Sum Sq","Mean Sq","NumDF","DenDF","F value","Pr(>F)","Partial_Eta_Sq"
"LearningRate",0.0653133598968318,0.0130626719793664,5,1715.00006048929,16.4055813855002,7.6342646998708e-16,0.0456464275541662
"BoostRounds",0.00210286824742842,0.000420573649485684,5,1715.00006048774,0.528203972826769,0.755081335608747,0.00153758540963215
"LearningRate:BoostRounds",0.0414531736060387,0.00165812694424155,25,1715.00006048943,2.08246341745504,0.00133507000050693,0.0294622349799798
