"","Sum Sq","Mean Sq","NumDF","DenDF","F value","Pr(>F)","Partial_Eta_Sq"
"LearningRate",0.00540727110064724,0.00108145422012945,5,1715.00001110401,6.96654872170524,1.8810628594054e-06,0.0199063273416942
"BoostRounds",0.0101020460765322,0.00202040921530645,5,1715.00001110198,13.0151410704466,1.87055410422986e-12,0.0365578299567276
"LearningRate:BoostRounds",0.00324433998084814,0.000129773599233926,25,1715.00001109611,0.835980002691169,0.697497615912994,0.0120395794415959
