"","Sum Sq","Mean Sq","NumDF","DenDF","F value","Pr(>F)","Partial_Eta_Sq"
"LearningRate",10.5316684959785,2.1063336991957,5,1715.0000556345,780.463986219773,0,0.69469425639186
"BoostRounds",4.70156038021776,0.940312076043551,5,1715.00005563528,348.41569094193,5.88522720578986e-258,0.503916370281053
"LearningRate:BoostRounds",1.16985708956554,0.0467942835826216,25,1715.00005564474,17.3387783289689,5.52053540979503e-67,0.201757323260144
