"","Sum Sq","Mean Sq","NumDF","DenDF","F value","Pr(>F)","Partial_Eta_Sq"
"LearningRate",2.19728429815504,0.439456859631007,5,1714.99993376187,232.384640670321,1.09182935413959e-189,0.403877040843506
"BoostRounds",1.06406309951755,0.21281261990351,5,1714.99993376187,112.535242362382,5.0203459575394e-103,0.247039603459589
"LearningRate:BoostRounds",2.288574186475,0.091542967459,25,1714.99993375708,48.407890632807,2.43227554163788e-178,0.413714762886779
