"","Sum Sq","Mean Sq","NumDF","DenDF","F value","Pr(>F)","Partial_Eta_Sq"
"LearningRate",0.00261409362340883,0.000522818724681766,5,1714.99806890791,6.04824238716327,1.47228655271912e-05,0.0173278313568535
"BoostRounds",0.00178866267738761,0.000357732535477522,5,1714.99806891,4.13843839594599,0.000969540878979648,0.0119215924903116
"LearningRate:BoostRounds",0.00176626304323879,7.06505217295516e-05,25,1714.99806890895,0.817322448540789,0.72293806300403,0.0117740547918359
