"","Sum Sq","Mean Sq","NumDF","DenDF","F value","Pr(>F)","Partial_Eta_Sq"
"LearningRate",0.02929436238725,0.00585887247744999,5,1715.00000160188,50.7538314759909,3.60658373639042e-49,0.128897365250882
"BoostRounds",0.0343372546651253,0.00686745093302505,5,1715.00000160214,59.4908745097132,2.96809692077754e-57,0.14780676589207
"LearningRate:BoostRounds",0.00612822428666276,0.00024512897146651,25,1715.00000160203,2.12348614099025,0.000996582513633121,0.0300251904273063
