"","Sum Sq","Mean Sq","NumDF","DenDF","F value","Pr(>F)","Partial_Eta_Sq"
"LearningRate",0.452890542793505,0.0905781085587009,5,1714.99998618888,77.7147181037254,1.33515765520809e-73,0.184720703293306
"BoostRounds",0.660982792720423,0.132196558544085,5,1714.99998618889,113.422751313891,9.54371432844257e-104,0.248503720889913
"LearningRate:BoostRounds",1.13121379352831,0.0452485517411323,25,1714.9999861786,38.8226084549448,3.49002917563746e-147,0.361400725723676
