"","Sum Sq","Mean Sq","NumDF","DenDF","F value","Pr(>F)","Partial_Eta_Sq"
"LearningRate",0.140827487055986,0.0281654974111973,5,1714.99945926551,40.2183251198909,3.34671800650597e-39,0.104948886400996
"BoostRounds",0.168388316151768,0.0336776632303537,5,1714.99945926447,48.0893054826041,1.13583140697727e-46,0.122962500141241
"LearningRate:BoostRounds",0.165824226970214,0.00663296907880855,25,1714.99945925889,9.47140762426769,9.48928229226447e-34,0.12131727269348
