"","Sum Sq","Mean Sq","NumDF","DenDF","F value","Pr(>F)","Partial_Eta_Sq"
"LearningRate",32.3143372701356,6.46286745402713,5,1714.99945542254,89.1214104496685,1.71551938514485e-83,0.206241650511691
"BoostRounds",17.8233118686046,3.56466237372092,5,1714.99945542033,49.1558492855853,1.13109399674649e-47,0.125347774430767
"LearningRate:BoostRounds",8.30482510598084,0.332193004239234,25,1714.99945542105,4.58086279656958,6.52430675735271e-13,0.0625964765249155
