"","Sum Sq","Mean Sq","NumDF","DenDF","F value","Pr(>F)","Partial_Eta_Sq"
"LearningRate",0.644559761804229,0.128911952360846,5,1714.99995210567,111.833160048959,1.87103709139339e-102,0.245877328715759
"BoostRounds",0.117077332118333,0.0234154664236666,5,1714.99995210278,20.3132879164608,9.65315870137392e-20,0.0559112180249515
"LearningRate:BoostRounds",0.0767872758704649,0.0030714910348186,25,1714.99995210265,2.66456711107992,1.59232018443351e-05,0.0373897897753527
