"","Sum Sq","Mean Sq","NumDF","DenDF","F value","Pr(>F)","Partial_Eta_Sq"
"LearningRate",0.0434835491823246,0.00869670983646492,5,1714.9999826952,62.3454354825528,7.3506438944099e-60,0.153808161033456
"BoostRounds",0.000247031143122039,4.94062286244079e-05,5,1714.99998269613,0.354185996435561,0.87976345841484,0.0010315470568027
"LearningRate:BoostRounds",0.018376721935963,0.000735068877438519,25,1714.99998270391,5.26960081862454,9.2348093792221e-16,0.0713365282820055
