,Sum Sq,Mean Sq,NumDF,DenDF,F value,Pr(>F),Partial_Eta_Sq
LearningRate,0.127631192,0.025526238,5,1715.000417,41.64690827,1.44E-40,0.108273064
BoostRounds,0.078344695,0.015668939,5,1715.000417,25.56439609,6.00E-25,0.069362072
LearningRate:BoostRounds,0.003669538,0.000146782,25,1715.000417,0.239478931,0.999964797,0.003478801
