"","Sum Sq","Mean Sq","NumDF","DenDF","F value","Pr(>F)","Partial_Eta_Sq"
"LearningRate",0.576065706377929,0.115213141275586,5,1715.00000194831,58.9395385123406,9.50218799326097e-57,0.146637821880745
"BoostRounds",0.0230938797019995,0.00461877594039991,5,1715.00000194831,2.36282527674436,0.0378717520105666,0.00684157384971904
"LearningRate:BoostRounds",0.150156076153786,0.00600624304615145,25,1715.00000197572,3.07261124394094,5.40210244262625e-07,0.0428700892464375
