"","Sum Sq","Mean Sq","NumDF","DenDF","F value","Pr(>F)","Partial_Eta_Sq"
"LearningRate",3.48626527039819,0.697253054079637,5,1715.00013397403,224.624176547958,1.20756778336056e-184,0.395726917959341
"BoostRounds",0.202429421125769,0.0404858842251537,5,1715.00013397351,13.0427659695162,1.75534919744835e-12,0.0366325796634044
"LearningRate:BoostRounds",1.49600729824919,0.0598402919299677,25,1715.00013398299,19.2779023634412,7.04678868238908e-75,0.219371430920494
