"","Sum Sq","Mean Sq","NumDF","DenDF","F value","Pr(>F)","Partial_Eta_Sq"
"LearningRate",0.282530548697435,0.0565061097394871,5,1715.00000343042,61.393106464913,5.41835994402697e-59,0.151815412724108
"BoostRounds",0.454998725936737,0.0909997451873474,5,1715.00000343173,98.8699641565075,9.53099882645701e-92,0.223753529370727
"LearningRate:BoostRounds",0.0686118442079668,0.00274447376831867,25,1715.00000347525,2.98183277924025,1.16477831594355e-06,0.0416562786628506
