"","Sum Sq","Mean Sq","NumDF","DenDF","F value","Pr(>F)","Partial_Eta_Sq"
"LearningRate",0.524931568764465,0.104986313752893,5,6964.99998321385,112.31196760256,1.68413735647131e-114,0.0746104264565961
"BoostRounds",0.0226602170348954,0.00453204340697908,5,6964.99998321385,4.84827682869288,0.000198320361623783,0.00346838560429202
"Phenotype",0.0412469827221652,0.0137489942407217,3,15.9999675592088,14.7083609332762,7.33489901541748e-05,0.733888496331149
"LearningRate:BoostRounds",0.168334028498093,0.00673336113992372,25,6964.99998322505,7.20319640885204,4.70864231002669e-25,0.0252033445261368
