"","Sum Sq","Mean Sq","NumDF","DenDF","F value","Pr(>F)","Partial_Eta_Sq"
"LearningRate",5.13521548135564,1.02704309627113,5,677.000000032187,3319.60072900533,0,0.960810427948834
"BoostRounds",0.423766602231463,0.0847533204462926,5,677.0000000331,273.939024915915,5.95906710695062e-160,0.669222840328396
"Phenotype",0.0765593046938763,0.0255197682312921,3,677.000000033077,82.4847969206155,1.71903801267642e-45,0.267676148467492
"LearningRate:BoostRounds",0.0532820792073903,0.00213128316829561,25,677.000000033135,6.88871692422454,6.58383349873617e-21,0.20279591187747
