"","Sum Sq","Mean Sq","NumDF","DenDF","F value","Pr(>F)","Partial_Eta_Sq"
"LearningRate",0.00883513464880271,0.00176702692976054,5,6964.9999698985,12.6844503710576,2.71167867002225e-12,0.0090236826778831
"BoostRounds",0.0240499519448812,0.00480999038897625,5,6964.99996990342,34.528101041732,5.50810206948812e-35,0.024187335550261
"Phenotype",0.0027271631676084,0.0009090543892028,3,16.0006329161856,6.52556850732187,0.00432539305887569,0.550257730942926
"LearningRate:BoostRounds",0.00531384322302292,0.000212553728920917,25,6964.99996992065,1.52579860570998,0.0451949904227417,0.00544683360068201
