"","Sum Sq","Mean Sq","NumDF","DenDF","F value","Pr(>F)","Partial_Eta_Sq"
"LearningRate",25.9368490912901,5.18736981825801,5,6965.00023506128,202.556006962608,3.27119230742886e-202,0.126950103982871
"BoostRounds",8.42858915837457,1.68571783167491,5,6965.00023505697,65.8237767525125,2.21234278378065e-67,0.0451211281857742
"Phenotype",9.94176134293275,3.31392044764425,3,16.0000169971991,129.401703904731,1.97654083150335e-11,0.960416096034686
"LearningRate:BoostRounds",10.4068904726824,0.416275618907296,25,6965.00023500271,16.2546974894622,2.4665393252306e-68,0.055127820956068
