"","Sum Sq","Mean Sq","NumDF","DenDF","F value","Pr(>F)","Partial_Eta_Sq"
"LearningRate",11.1926268699566,2.23852537399133,5,680.999999982722,884.273680230874,5.945480032213e-295,0.866532569496362
"BoostRounds",1.60473448446636,0.320946896893272,5,680.999999982722,126.782075812911,8.05606365754809e-95,0.482093980826173
"Phenotype",0.30788401242385,0.102628004141283,3,680.999999990528,40.5406362470447,4.1053686194145e-24,0.151530761144218
"LearningRate:BoostRounds",0.182842360365242,0.00731369441460967,25,680.999999985296,2.88909277117533,4.12888277341041e-06,0.0958904668379439
