"","Sum Sq","Mean Sq","NumDF","DenDF","F value","Pr(>F)","Partial_Eta_Sq"
"LearningRate",0.718626866388208,0.143725373277642,5,6965.00009408959,84.0634094596089,5.04196788964384e-86,0.0569125251158911
"BoostRounds",0.576160833374193,0.115232166674839,5,6965.00009408528,67.3980424555403,5.34835039999813e-69,0.0461504600990838
"Phenotype",0.207352925467547,0.0691176418225158,3,15.9997998214939,40.4261578377309,1.07642150308702e-07,0.883449875695289
"LearningRate:BoostRounds",0.819243598924859,0.0327697439569943,25,6965.00009408356,19.1666672440773,1.98940648338046e-82,0.0643680744363755
