"","Sum Sq","Mean Sq","NumDF","DenDF","F value","Pr(>F)"
"Phenotype",0.0275607205639032,0.00918690685463441,3,16.4671876124085,10.2228116064558,0.00048702755640094
"LearningRate",0.0674648512991841,0.0674648512991841,1,6988.00081035178,75.0721081428185,5.57371100002294e-18
"BoostRounds",0.0381392165584713,0.0381392165584713,1,6988.00080092768,42.4397495113808,7.79582089466025e-11
"LearningRate:BoostRounds",0.0262409283014201,0.0262409283014201,1,6988.00080472061,29.1998243422494,6.74400980132253e-08
"Phenotype:LearningRate",0.10624331818691,0.0354144393956366,3,6988.00080952504,39.4077296981854,3.02846478639913e-25
"Phenotype:BoostRounds",0.128516943588357,0.0428389811961191,3,6988.00080146614,47.6694540512849,1.72937212354689e-30
"Phenotype:LearningRate:BoostRounds",0.0379058187240156,0.0126352729080052,3,6988.00080412836,14.0600113377151,3.90335175623202e-09
