"","Sum Sq","Mean Sq","NumDF","DenDF","F value","Pr(>F)"
"Phenotype",0.144969558224231,0.0483231860747438,3,53.484942266994,15.6463012300991,1.98930327654826e-07
"LearningRate",2.35966198178731,2.35966198178731,1,688.000000530641,764.022101339736,1.08016331754432e-113
"BoostRounds",0.599612277007496,0.599612277007496,1,688.00000049425,194.145193423582,4.72204437136163e-39
"LearningRate:BoostRounds",0.104858396858351,0.104858396858351,1,688.000000513248,33.9515292144306,8.68032009211755e-09
"Phenotype:LearningRate",0.088708038192862,0.0295693460642873,3,688.000000378277,9.57409751466468,3.36287917012419e-06
"Phenotype:BoostRounds",0.116294355204943,0.0387647850683144,3,688.000000362673,12.5514386274272,5.36046905560608e-08
"Phenotype:LearningRate:BoostRounds",0.0437775149251887,0.0145925049750629,3,688.000000356787,4.7248277087608,0.00285038459639799
