"","Sum Sq","Mean Sq","NumDF","DenDF","F value","Pr(>F)"
"Phenotype",0.00279587403936307,0.000931958013121023,3,16.6593892620137,7.03461225932742,0.00289830661127492
"LearningRate",0.0002080419874138,0.0002080419874138,1,6988.00037431364,1.57034404394988,0.210198985147268
"BoostRounds",0.0115582681305883,0.0115582681305883,1,6988.00037186917,87.2442036479073,1.26432167225697e-20
"LearningRate:BoostRounds",0.00255613276811047,0.00255613276811047,1,6988.00036610149,19.2942199689884,1.13698239218086e-05
"Phenotype:LearningRate",0.00608590936050827,0.00202863645350276,3,6988.00037420716,15.3125684468747,6.28358777548215e-10
"Phenotype:BoostRounds",0.00100832983733297,0.000336109945777657,3,6988.00037184115,2.53702753961121,0.0548600784907728
"Phenotype:LearningRate:BoostRounds",0.00405782117828414,0.00135260705942805,3,6988.00036625302,10.2097584530021,1.04982014735816e-06
