"","Sum Sq","Mean Sq","NumDF","DenDF","F value","Pr(>F)"
"Phenotype",0.158750562764591,0.0529168542548635,3,16.3947720157099,30.5262745931947,6.11387841822237e-07
"LearningRate",0.000580708148629011,0.000580708148629011,1,6987.99993811497,0.334994524016432,0.562751480626562
"BoostRounds",0.554242383000279,0.554242383000279,1,6987.9999392575,319.727153340717,5.90856740797247e-70
"LearningRate:BoostRounds",0.260872091077761,0.260872091077761,1,6987.99993355929,150.489918534957,3.0436164153735e-34
"Phenotype:LearningRate",0.300663345901966,0.100221115300655,3,6987.99993742278,57.8147988723811,6.539782600055e-37
"Phenotype:BoostRounds",0.456605630503851,0.152201876834617,3,6987.99993908079,87.8010673778119,9.12566728409028e-56
"Phenotype:LearningRate:BoostRounds",0.232936843646124,0.0776456145487079,3,6987.99993330121,44.7916147708907,1.15632904487188e-28
