"","Sum Sq","Mean Sq","NumDF","DenDF","F value","Pr(>F)"
"Phenotype",8.98350167601509,2.9945005586717,3,16.0033882503263,126.812850167473,2.2990620765202e-11
"LearningRate",2.07242476902415,2.07242476902415,1,6988.00010867046,87.7642486846609,9.75171926231121e-21
"BoostRounds",0.00303238028619502,0.00303238028619502,1,6988.00011728174,0.128417002885658,0.720089848393224
"LearningRate:BoostRounds",2.48264409313217,2.48264409313217,1,6988.00010787106,105.136455055859,1.69903715471721e-24
"Phenotype:LearningRate",5.41632862315156,1.80544287438385,3,6988.00010934354,76.4579442311843,1.17278541667029e-48
"Phenotype:BoostRounds",3.58028746918282,1.19342915639427,3,6988.00011674863,50.5400315779046,2.62270097374176e-32
"Phenotype:LearningRate:BoostRounds",0.380890949791575,0.126963649930525,3,6988.00010685833,5.37673044298814,0.00107519129920361
