"","Sum Sq","Mean Sq","NumDF","DenDF","F value","Pr(>F)"
"Phenotype",0.00492570182099899,0.00164190060699966,3,75.6556263311527,3.17265637223949,0.0289799760828362
"LearningRate",1.75879241636204,1.75879241636204,1,688.00000013072,3398.52725763605,2.22536694244522e-268
"BoostRounds",0.0317215451937676,0.0317215451937676,1,688.000000246811,61.2957703208343,1.85992131418775e-14
"LearningRate:BoostRounds",0.00983040627851512,0.00983040627851512,1,688.000000270158,18.9953648767002,1.51046491507668e-05
"Phenotype:LearningRate",0.00644115725131058,0.00214705241710353,3,687.999999984999,4.14876485434974,0.0062930349636166
"Phenotype:BoostRounds",0.00493268375900907,0.00164422791966969,3,688.000000127737,3.17715345527928,0.0236213333505221
"Phenotype:LearningRate:BoostRounds",0.00016462727144551,5.48757571485032e-05,3,688.000000089005,0.106036820899172,0.956556949551069
